{"_step":2,"rollout/ep_rew_mean":-121.32152,"time/fps":14141,"_wandb":{"runtime":2},"rollout/ep_len_mean":100,"global_step":8192,"_timestamp":1.748924027652205e+09,"_runtime":2.698133}