{
  "importance": {
    "5": [
      8659.414987435248,
      8648.004232302283,
      9641.60138079253
    ],
    "10": [
      8663.942098294987,
      8692.360584791944,
      9668.749377208882
    ],
    "25": [
      9775.516346971293,
      9654.744538574418,
      8584.489771009874
    ],
    "50": [
      8036.338656899837,
      8672.760668947538,
      8669.750454866917
    ],
    "100": [
      7567.485827259656,
      7674.195437937776,
      8561.66859282825
    ]
  },
  "random": {
    "5": [
      7844.632759789061,
      7653.952998768882,
      9605.136461904307
    ],
    "10": [
      8601.49979071078,
      9689.391766953848,
      8585.305740555035
    ],
    "25": [
      8700.069472596686,
      9611.013207617834,
      9655.56727516065
    ],
    "50": [
      10594.697787808152,
      7887.591732645944,
      9666.009539031564
    ],
    "100": [
      9629.220493293347,
      8653.619089763757,
      9621.868996735586
    ]
  }
}