{
  "importance": {
    "5": [
      -26.528673288361368,
      -26.05137913548291,
      -26.14422930828183
    ],
    "10": [
      -26.298875717152523,
      -26.426656826423812,
      -25.848923251452625
    ],
    "25": [
      -26.0616718796011,
      -26.512302273424094,
      -26.665948062779893
    ],
    "50": [
      -25.98299638031476,
      -25.741599876136128,
      -26.28821918616582
    ],
    "100": [
      -25.76303699551956,
      -26.113443004756792,
      -25.294224869128502
    ]
  },
  "random": {
    "5": [
      -26.50426153274537,
      -26.00212526161961,
      -26.188879230231493
    ],
    "10": [
      -26.204641306470727,
      -26.010248857317332,
      -26.756014795460437
    ],
    "25": [
      -26.249060065221165,
      -26.27129841486259,
      -26.246438962961005
    ],
    "50": [
      -26.604644925177382,
      -25.983831540091106,
      -26.0309408509484
    ],
    "100": [
      -26.065656384762846,
      -26.463491947682982,
      -26.839326198910513
    ]
  }
}